chrom	pos	mutation
4	501810	A
4	501810	T
4	501810	G
4	501810	C
4	501812	A
4	501812	T
4	501812	G
4	501812	C
4	47710	A
4	47710	T
4	47710	G
4	47710	C
4	47712	A
4	47712	T
4	47712	G
4	47712	C
4	707429	A
4	707429	T
4	707429	G
4	707429	C
4	707431	A
4	707431	T
4	707431	G
4	707431	C
4	1057365	A
4	1057365	T
4	1057365	G
4	1057365	C
4	1057367	A
4	1057367	T
4	1057367	G
4	1057367	C
4	1124167	A
4	1124167	T
4	1124167	G
4	1124167	C
4	1124169	A
4	1124169	T
4	1124169	G
4	1124169	C
4	66197	A
4	66197	T
4	66197	G
4	66197	C
4	66199	A
4	66199	T
4	66199	G
4	66199	C
4	989725	A
4	989725	T
4	989725	G
4	989725	C
4	989727	A
4	989727	T
4	989727	G
4	989727	C
4	915297	A
4	915297	T
4	915297	G
4	915297	C
4	915299	A
4	915299	T
4	915299	G
4	915299	C
4	663621	A
4	663621	T
4	663621	G
4	663621	C
4	663623	A
4	663623	T
4	663623	G
4	663623	C
4	1077331	A
4	1077331	T
4	1077331	G
4	1077331	C
4	1077333	A
4	1077333	T
4	1077333	G
4	1077333	C
4	610684	A
4	610684	T
4	610684	G
4	610684	C
4	610686	A
4	610686	T
4	610686	G
4	610686	C
4	691278	A
4	691278	T
4	691278	G
4	691278	C
4	691280	A
4	691280	T
4	691280	G
4	691280	C
4	308093	A
4	308093	T
4	308093	G
4	308093	C
4	308095	A
4	308095	T
4	308095	G
4	308095	C
4	545268	A
4	545268	T
4	545268	G
4	545268	C
4	545270	A
4	545270	T
4	545270	G
4	545270	C
4	227922	A
4	227922	T
4	227922	G
4	227922	C
4	227924	A
4	227924	T
4	227924	G
4	227924	C
4	278685	A
4	278685	T
4	278685	G
4	278685	C
4	278687	A
4	278687	T
4	278687	G
4	278687	C
4	359938	A
4	359938	T
4	359938	G
4	359938	C
4	359940	A
4	359940	T
4	359940	G
4	359940	C
4	436957	A
4	436957	T
4	436957	G
4	436957	C
4	436959	A
4	436959	T
4	436959	G
4	436959	C
4	583108	A
4	583108	T
4	583108	G
4	583108	C
4	583110	A
4	583110	T
4	583110	G
4	583110	C
4	623219	A
4	623219	T
4	623219	G
4	623219	C
4	623221	A
4	623221	T
4	623221	G
4	623221	C
