AA1,A,C,D,E,F,G,H,I,K,L,M,N,P,Q,R,S,T,V,W,Y
A,,0.813804,0.8739100000000001,0.9004620000000001,0.829598,0.9207629999999999,0.818431,0.885331,0.8953899999999999,0.912142,0.8228979999999999,0.8599540000000001,0.8718870000000001,0.844268,0.8527795,0.9324610000000001,0.943694,0.9295049999999999,0.803952,0.826375
C,0.8686219999999999,,0.8126025,0.8087810000000001,0.805638,0.830507,0.777716,0.8317610000000001,0.810897,0.85325,0.780099,0.808315,0.803552,0.795986,0.8010510000000001,0.8635,0.8416629999999999,0.847668,0.761422,0.8039850000000001
D,0.9003700000000001,0.807189,,0.947099,0.811591,0.900756,0.824724,0.821355,0.8826674999999999,0.83541,0.807125,0.9184950000000001,0.8403860000000001,0.8640979999999999,0.839756,0.913077,0.888509,0.841485,0.787342,0.812666
E,0.9029459999999999,0.803539,0.942567,,0.812063,0.876704,0.828393,0.825902,0.916516,0.852115,0.8164939999999999,0.8978959999999999,0.847308,0.910867,0.872023,0.909164,0.8970229999999999,0.860535,0.792308,0.819451
F,0.8304239999999999,0.771822,0.786172,0.8131229999999999,,0.797944,0.806363,0.869526,0.822831,0.9164549999999999,0.8290040000000001,0.781594,0.779998,0.805068,0.816923,0.809579,0.8160569999999999,0.8809739999999999,0.80713,0.904767
G,0.9189799999999999,0.8017310000000001,0.8603149999999999,0.8590180000000001,0.805714,,0.806725,0.8059930000000001,0.8437790000000001,0.82688,0.798341,0.8595219999999999,0.8320649999999999,0.827525,0.8304370000000001,0.913723,0.860425,0.838191,0.78458,0.801847
H,0.887706,0.804288,0.9066719999999999,0.9183950000000001,0.85429,0.8735930000000001,,0.8578690000000001,0.9176709999999999,0.9071670000000001,0.8284600000000001,0.9148280000000001,0.8707239999999999,0.926192,0.9249370000000001,0.88674,0.906409,0.8971979999999999,0.815713,0.903833
I,0.8866459999999999,0.808185,0.8266120000000001,0.848081,0.885342,0.810974,0.817852,,0.8542605000000001,0.967609,0.8736450000000001,0.82583,0.828203,0.8295290000000001,0.8344209999999999,0.8591880000000001,0.9126340000000001,0.98314,0.813217,0.846258
K,0.8768030000000001,0.7887689999999999,0.857836,0.916011,0.816909,0.855487,0.831058,0.830849,,0.891069,0.817185,0.883848,0.8343010000000001,0.904603,0.9497399999999999,0.876188,0.896282,0.8561620000000001,0.794337,0.8261860000000001
L,0.853456,0.791821,0.80185,0.8176220000000001,0.864503,0.7867569999999999,0.81045,0.9184334999999999,0.833216,,0.8469620000000001,0.805635,0.814681,0.817843,0.8227209999999999,0.810789,0.8577540000000001,0.916791,0.788116,0.827773
M,0.90271,0.81496,0.858452,0.893175,0.915543,0.8678969999999999,0.828758,0.9553959999999999,0.90197,0.982007,,0.8592485000000001,0.866662,0.8855219999999999,0.8966040000000001,0.868275,0.928999,0.9566889999999999,0.816423,0.872606
N,0.904985,0.8119930000000001,0.9333799999999999,0.9202969999999999,0.822047,0.9120719999999999,0.847108,0.840397,0.911401,0.889677,0.812538,,0.861766,0.8840040000000001,0.902408,0.948749,0.9204620000000001,0.8742030000000001,0.7999890000000001,0.8239799999999999
P,0.9350950000000001,0.810743,0.862291,0.8854069999999999,0.819113,0.8940465,0.824169,0.8444370000000001,0.8772469999999999,0.9042450000000001,0.8243940000000001,0.8576879999999999,,0.8563639999999999,0.8441690000000001,0.925006,0.91471,0.895174,0.7909689999999999,0.8174779999999999
Q,0.9114030000000001,0.810887,0.9129729999999999,0.9452950000000001,0.828923,0.87865,0.8773850000000001,0.855699,0.9340430000000001,0.9081969999999999,0.8286819999999999,0.9121819999999999,0.895202,,0.9311719999999999,0.911698,0.9128780000000001,0.8966040000000001,0.810639,0.849158
R,0.8824569999999999,0.782309,0.846936,0.914386,0.827425,0.8669680000000001,0.8425309999999999,0.8410915000000001,0.948059,0.900733,0.82655,0.88108,0.829625,0.9136700000000001,,0.879848,0.895958,0.8662965,0.81525,0.837551
S,0.934207,0.8199649999999999,0.908458,0.9142610000000001,0.826393,0.927326,0.824049,0.853367,0.906458,0.9008229999999999,0.813226,0.914794,0.8958719999999999,0.8653620000000001,0.871157,,0.937113,0.9046350000000001,0.804153,0.822002
T,0.9486235000000001,0.815612,0.9033260000000001,0.910898,0.8364159999999999,0.9074049999999999,0.828433,0.910941,0.9115540000000001,0.9214760000000001,0.8359049999999999,0.907792,0.895043,0.866809,0.8773639999999999,0.9491790000000001,,0.923011,0.809851,0.833219
V,0.9332020000000001,0.812624,0.831965,0.8575940000000001,0.8596659999999999,0.8445280000000001,0.823699,0.9574309999999999,0.856858,0.946983,0.8566455,0.829408,0.841606,0.8312930000000001,0.831822,0.8878,0.9126395,,0.810894,0.8352229999999999
W,0.796192,0.7329439999999999,0.739005,0.7651479999999999,0.8503149999999999,0.7976065,0.747332,0.781007,0.780502,0.832583,0.754182,0.734995,0.7339439999999999,0.75618,0.791763,0.770729,0.787151,0.794469,,0.859469
Y,0.8296399999999999,0.777805,0.7896029999999999,0.827657,0.9217489999999999,0.7987380000000001,0.8384,0.8501709999999999,0.837669,0.888496,0.8145640000000001,0.792431,0.7858470000000001,0.8143530000000001,0.830348,0.809183,0.818746,0.856326,0.818578,
